﻿{
    "coverThumb": "BasePuzzle80602thumb.png",
    "defaultThumb": "BasePuzzle80602thumb.png",
    "minPicNum": "2",
    "maxPicNum": "2",
    "thumbs": {
        "2": "BasePuzzle80602thumb.png"
    },

	"pic_h":"2048",
	"pic_w":"1152",

    "bgcolor": "ffffff",
    "fgpic": {},
    "bgpic": "none",    
    "bgEffect": "叠加",
    "textDic": {},
    "watermark": {},
    "sizeRatio": {
        "2": "1.0"
    },
    "variableFg": {},
    "point": {
        "2": [
            "140,0,873,872",
            "140,1176,873,872"
        ]
    },
    "imageEffect": "none"
}