﻿{
    "coverThumb": "BasePuzzle80626thumb.png",
    "defaultThumb": "BasePuzzle80626thumb.png",
    "minPicNum": "2",
    "maxPicNum": "2",
    "thumbs": {
        "2": "BasePuzzle80626thumb.png"
    },

	"pic_h":"2048",
	"pic_w":"1024",

    "bgcolor": "ffffff",
    "fgpic": {},
    "bgpic": "none",    
    "bgEffect": "叠加",
    "textDic": {},
    "watermark": {},
    "sizeRatio": {
        "2": "1.0"
    },
    "variableFg": {},
    "point": {
        "2": [
            "162,0,702,872",
            "161,1175,702,872"
        ]
    },
    "imageEffect": "none"
}